<?xml version="1.0" encoding="UTF-8"?>
<metadata xml:lang="en"><Esri><CreaDate>20210701</CreaDate><CreaTime>12344200</CreaTime><ArcGISFormat>1.0</ArcGISFormat><SyncOnce>FALSE</SyncOnce><DataProperties><itemProps><itemName Sync="TRUE">Central_Lane_Centerline_Network</itemName><imsContentType Sync="TRUE">002</imsContentType><itemSize Sync="TRUE">0.000</itemSize><itemLocation><linkage Sync="TRUE">file://\\clsrv111.int.lcog.org\transpor\MPO\RTP\FY20 2045 Update\Data and Resources\Data\QC_road_ownership\Central_Lane_Centerline_Network.shp</linkage><protocol Sync="TRUE">Local Area Network</protocol></itemLocation></itemProps><coordRef><type Sync="TRUE">Projected</type><geogcsn Sync="TRUE">GCS_North_American_1983_HARN</geogcsn><csUnits Sync="TRUE">Linear Unit: foot (0.304800)</csUnits><projcsn Sync="TRUE">NAD_1983_HARN_StatePlane_Oregon_South_FIPS_3602_Feet_Intl</projcsn><peXml Sync="TRUE">&lt;ProjectedCoordinateSystem xsi:type='typens:ProjectedCoordinateSystem' xmlns:xsi='http://www.w3.org/2001/XMLSchema-instance' xmlns:xs='http://www.w3.org/2001/XMLSchema' xmlns:typens='http://www.esri.com/schemas/ArcGIS/2.8.0'&gt;&lt;WKT&gt;PROJCS[&amp;quot;NAD_1983_HARN_StatePlane_Oregon_South_FIPS_3602_Feet_Intl&amp;quot;,GEOGCS[&amp;quot;GCS_North_American_1983_HARN&amp;quot;,DATUM[&amp;quot;D_North_American_1983_HARN&amp;quot;,SPHEROID[&amp;quot;GRS_1980&amp;quot;,6378137.0,298.257222101]],PRIMEM[&amp;quot;Greenwich&amp;quot;,0.0],UNIT[&amp;quot;Degree&amp;quot;,0.0174532925199433]],PROJECTION[&amp;quot;Lambert_Conformal_Conic&amp;quot;],PARAMETER[&amp;quot;False_Easting&amp;quot;,4921259.843],PARAMETER[&amp;quot;False_Northing&amp;quot;,0.0],PARAMETER[&amp;quot;Central_Meridian&amp;quot;,-120.5],PARAMETER[&amp;quot;Standard_Parallel_1&amp;quot;,42.3333333333333],PARAMETER[&amp;quot;Standard_Parallel_2&amp;quot;,44.0],PARAMETER[&amp;quot;Latitude_Of_Origin&amp;quot;,41.6666666666667],UNIT[&amp;quot;foot&amp;quot;,0.3048]]&lt;/WKT&gt;&lt;XOrigin&gt;-115243200&lt;/XOrigin&gt;&lt;YOrigin&gt;-97276400&lt;/YOrigin&gt;&lt;XYScale&gt;37478635.547955282&lt;/XYScale&gt;&lt;ZOrigin&gt;-100000&lt;/ZOrigin&gt;&lt;ZScale&gt;10000&lt;/ZScale&gt;&lt;MOrigin&gt;-100000&lt;/MOrigin&gt;&lt;MScale&gt;10000&lt;/MScale&gt;&lt;XYTolerance&gt;0.0032808398950131233&lt;/XYTolerance&gt;&lt;ZTolerance&gt;0.001&lt;/ZTolerance&gt;&lt;MTolerance&gt;0.001&lt;/MTolerance&gt;&lt;HighPrecision&gt;true&lt;/HighPrecision&gt;&lt;/ProjectedCoordinateSystem&gt;</peXml></coordRef><lineage><Process ToolSource="c:\users\clid1852\appdata\local\programs\arcgis\pro\Resources\ArcToolbox\toolboxes\Conversion Tools.tbx\FeatureClassToFeatureClass" Date="20210701" Time="123444">FeatureClassToFeatureClass CenterlinesUpdated_EUG_SPR_EUG_SPR "T:\MPO\RTP\FY20 2045 Update\Data and Resources\Data\QC_road_ownership" Central_Lane_Centerline_Network.shp # "seg_id "seg_id" true true false 80 Text 0 0,First,#,CenterlinesUpdated_EUG_SPR_EUG_SPR,seg_id,0,80;lcpwid "lcpwid" true true false 80 Text 0 0,First,#,CenterlinesUpdated_EUG_SPR_EUG_SPR,lcpwid,0,80;eugid "eugid" true true false 24 Double 15 23,First,#,CenterlinesUpdated_EUG_SPR_EUG_SPR,eugid,-1,-1;sprid "sprid" true true false 24 Double 15 23,First,#,CenterlinesUpdated_EUG_SPR_EUG_SPR,sprid,-1,-1;lcogid "lcogid" true true false 80 Text 0 0,First,#,CenterlinesUpdated_EUG_SPR_EUG_SPR,lcogid,0,80;dir "dir" true true false 80 Text 0 0,First,#,CenterlinesUpdated_EUG_SPR_EUG_SPR,dir,0,80;name "name" true true false 80 Text 0 0,First,#,CenterlinesUpdated_EUG_SPR_EUG_SPR,name,0,80;type "type" true true false 80 Text 0 0,First,#,CenterlinesUpdated_EUG_SPR_EUG_SPR,type,0,80;airsname "airsname" true true false 80 Text 0 0,First,#,CenterlinesUpdated_EUG_SPR_EUG_SPR,airsname,0,80;rlidname "rlidname" true true false 80 Text 0 0,First,#,CenterlinesUpdated_EUG_SPR_EUG_SPR,rlidname,0,80;l_ladd "l_ladd" true true false 24 Double 15 23,First,#,CenterlinesUpdated_EUG_SPR_EUG_SPR,l_ladd,-1,-1;l_hadd "l_hadd" true true false 24 Double 15 23,First,#,CenterlinesUpdated_EUG_SPR_EUG_SPR,l_hadd,-1,-1;r_ladd "r_ladd" true true false 24 Double 15 23,First,#,CenterlinesUpdated_EUG_SPR_EUG_SPR,r_ladd,-1,-1;r_hadd "r_hadd" true true false 24 Double 15 23,First,#,CenterlinesUpdated_EUG_SPR_EUG_SPR,r_hadd,-1,-1;mailcity "mailcity" true true false 80 Text 0 0,First,#,CenterlinesUpdated_EUG_SPR_EUG_SPR,mailcity,0,80;county "county" true true false 80 Text 0 0,First,#,CenterlinesUpdated_EUG_SPR_EUG_SPR,county,0,80;state "state" true true false 80 Text 0 0,First,#,CenterlinesUpdated_EUG_SPR_EUG_SPR,state,0,80;zipcode "zipcode" true true false 80 Text 0 0,First,#,CenterlinesUpdated_EUG_SPR_EUG_SPR,zipcode,0,80;fclass "fclass" true true false 80 Text 0 0,First,#,CenterlinesUpdated_EUG_SPR_EUG_SPR,fclass,0,80;fed_class "fed_class" true true false 80 Text 0 0,First,#,CenterlinesUpdated_EUG_SPR_EUG_SPR,fed_class,0,80;airsclass "airsclass" true true false 80 Text 0 0,First,#,CenterlinesUpdated_EUG_SPR_EUG_SPR,airsclass,0,80;cclass "cclass" true true false 80 Text 0 0,First,#,CenterlinesUpdated_EUG_SPR_EUG_SPR,cclass,0,80;paved "paved" true true false 80 Text 0 0,First,#,CenterlinesUpdated_EUG_SPR_EUG_SPR,paved,0,80;speed "speed" true true false 24 Double 15 23,First,#,CenterlinesUpdated_EUG_SPR_EUG_SPR,speed,-1,-1;snowroute "snowroute" true true false 80 Text 0 0,First,#,CenterlinesUpdated_EUG_SPR_EUG_SPR,snowroute,0,80;owner "owner" true true false 80 Text 0 0,First,#,CenterlinesUpdated_EUG_SPR_EUG_SPR,owner,0,80;maint "maint" true true false 80 Text 0 0,First,#,CenterlinesUpdated_EUG_SPR_EUG_SPR,maint,0,80;source "source" true true false 80 Text 0 0,First,#,CenterlinesUpdated_EUG_SPR_EUG_SPR,source,0,80;method "method" true true false 80 Text 0 0,First,#,CenterlinesUpdated_EUG_SPR_EUG_SPR,method,0,80;sponsor "sponsor" true true false 80 Text 0 0,First,#,CenterlinesUpdated_EUG_SPR_EUG_SPR,sponsor,0,80;ugbcity "ugbcity" true true false 80 Text 0 0,First,#,CenterlinesUpdated_EUG_SPR_EUG_SPR,ugbcity,0,80;one_way "one_way" true true false 80 Text 0 0,First,#,CenterlinesUpdated_EUG_SPR_EUG_SPR,one_way,0,80;fnode "fnode" true true false 80 Text 0 0,First,#,CenterlinesUpdated_EUG_SPR_EUG_SPR,fnode,0,80;tnode "tnode" true true false 80 Text 0 0,First,#,CenterlinesUpdated_EUG_SPR_EUG_SPR,tnode,0,80;f_zlev "f_zlev" true true false 80 Text 0 0,First,#,CenterlinesUpdated_EUG_SPR_EUG_SPR,f_zlev,0,80;t_zlev "t_zlev" true true false 80 Text 0 0,First,#,CenterlinesUpdated_EUG_SPR_EUG_SPR,t_zlev,0,80;optcost "optcost" true true false 80 Text 0 0,First,#,CenterlinesUpdated_EUG_SPR_EUG_SPR,optcost,0,80;road_segid "road_segid" true true false 80 Text 0 0,First,#,CenterlinesUpdated_EUG_SPR_EUG_SPR,road_segid,0,80;ShpLength "ShpLength" true true false 24 Double 15 23,First,#,CenterlinesUpdated_EUG_SPR_EUG_SPR,ShpLength,-1,-1" #</Process></lineage></DataProperties><SyncDate>20210701</SyncDate><SyncTime>12344200</SyncTime><ModDate>20210701</ModDate><ModTime>12344200</ModTime></Esri><dataIdInfo><envirDesc Sync="TRUE">Microsoft Windows 10 Version 10.0 (Build 18362) ; Esri ArcGIS 12.8.0.29751</envirDesc><dataLang><languageCode value="eng" Sync="TRUE"></languageCode><countryCode value="USA" Sync="TRUE"></countryCode></dataLang><idCitation><resTitle Sync="TRUE">Central_Lane_Centerline_Network</resTitle><presForm><PresFormCd value="005" Sync="TRUE"></PresFormCd></presForm></idCitation><spatRpType><SpatRepTypCd value="001" Sync="TRUE"></SpatRepTypCd></spatRpType></dataIdInfo><mdLang><languageCode value="eng" Sync="TRUE"></languageCode><countryCode value="USA" Sync="TRUE"></countryCode></mdLang><mdChar><CharSetCd value="004" Sync="TRUE"></CharSetCd></mdChar><distInfo><distFormat><formatName Sync="TRUE">Shapefile</formatName></distFormat><distTranOps><transSize Sync="TRUE">0.000</transSize></distTranOps></distInfo><mdHrLv><ScopeCd value="005" Sync="TRUE"></ScopeCd></mdHrLv><mdHrLvName Sync="TRUE">dataset</mdHrLvName><refSysInfo><RefSystem><refSysID><identCode code="0" Sync="TRUE"></identCode></refSysID></RefSystem></refSysInfo><spatRepInfo><VectSpatRep><geometObjs Name="Central_Lane_Centerline_Network"><geoObjTyp><GeoObjTypCd value="002" Sync="TRUE"></GeoObjTypCd></geoObjTyp><geoObjCnt Sync="TRUE">0</geoObjCnt></geometObjs><topLvl><TopoLevCd value="001" Sync="TRUE"></TopoLevCd></topLvl></VectSpatRep></spatRepInfo><spdoinfo><ptvctinf><esriterm Name="Central_Lane_Centerline_Network"><efeatyp Sync="TRUE">Simple</efeatyp><efeageom code="3" Sync="TRUE"></efeageom><esritopo Sync="TRUE">FALSE</esritopo><efeacnt Sync="TRUE">0</efeacnt><spindex Sync="TRUE">FALSE</spindex><linrefer Sync="TRUE">FALSE</linrefer></esriterm></ptvctinf></spdoinfo><eainfo><detailed Name="Central_Lane_Centerline_Network"><enttyp><enttypl Sync="TRUE">Central_Lane_Centerline_Network</enttypl><enttypt Sync="TRUE">Feature Class</enttypt><enttypc Sync="TRUE">0</enttypc></enttyp><attr><attrlabl Sync="TRUE">FID</attrlabl><attalias Sync="TRUE">FID</attalias><attrtype Sync="TRUE">OID</attrtype><attwidth Sync="TRUE">4</attwidth><atprecis Sync="TRUE">0</atprecis><attscale Sync="TRUE">0</attscale><attrdef Sync="TRUE">Internal feature number.</attrdef><attrdefs Sync="TRUE">Esri</attrdefs><attrdomv><udom Sync="TRUE">Sequential unique whole numbers that are automatically generated.</udom></attrdomv></attr><attr><attrlabl Sync="TRUE">Shape</attrlabl><attalias Sync="TRUE">Shape</attalias><attrtype Sync="TRUE">Geometry</attrtype><attwidth Sync="TRUE">0</attwidth><atprecis Sync="TRUE">0</atprecis><attscale Sync="TRUE">0</attscale><attrdef Sync="TRUE">Feature geometry.</attrdef><attrdefs Sync="TRUE">Esri</attrdefs><attrdomv><udom Sync="TRUE">Coordinates defining the features.</udom></attrdomv></attr><attr><attrlabl Sync="TRUE">seg_id</attrlabl><attalias Sync="TRUE">seg_id</attalias><attrtype Sync="TRUE">String</attrtype><attwidth Sync="TRUE">80</attwidth><atprecis Sync="TRUE">0</atprecis><attscale Sync="TRUE">0</attscale></attr><attr><attrlabl Sync="TRUE">lcpwid</attrlabl><attalias Sync="TRUE">lcpwid</attalias><attrtype Sync="TRUE">String</attrtype><attwidth Sync="TRUE">80</attwidth><atprecis Sync="TRUE">0</atprecis><attscale Sync="TRUE">0</attscale></attr><attr><attrlabl Sync="TRUE">eugid</attrlabl><attalias Sync="TRUE">eugid</attalias><attrtype Sync="TRUE">Double</attrtype><attwidth Sync="TRUE">19</attwidth><atprecis Sync="TRUE">18</atprecis><attscale Sync="TRUE">15</attscale></attr><attr><attrlabl Sync="TRUE">sprid</attrlabl><attalias Sync="TRUE">sprid</attalias><attrtype Sync="TRUE">Double</attrtype><attwidth Sync="TRUE">19</attwidth><atprecis Sync="TRUE">18</atprecis><attscale Sync="TRUE">15</attscale></attr><attr><attrlabl Sync="TRUE">lcogid</attrlabl><attalias Sync="TRUE">lcogid</attalias><attrtype Sync="TRUE">String</attrtype><attwidth Sync="TRUE">80</attwidth><atprecis Sync="TRUE">0</atprecis><attscale Sync="TRUE">0</attscale></attr><attr><attrlabl Sync="TRUE">dir</attrlabl><attalias Sync="TRUE">dir</attalias><attrtype Sync="TRUE">String</attrtype><attwidth Sync="TRUE">80</attwidth><atprecis Sync="TRUE">0</atprecis><attscale Sync="TRUE">0</attscale></attr><attr><attrlabl Sync="TRUE">name</attrlabl><attalias Sync="TRUE">name</attalias><attrtype Sync="TRUE">String</attrtype><attwidth Sync="TRUE">80</attwidth><atprecis Sync="TRUE">0</atprecis><attscale Sync="TRUE">0</attscale></attr><attr><attrlabl Sync="TRUE">type</attrlabl><attalias Sync="TRUE">type</attalias><attrtype Sync="TRUE">String</attrtype><attwidth Sync="TRUE">80</attwidth><atprecis Sync="TRUE">0</atprecis><attscale Sync="TRUE">0</attscale></attr><attr><attrlabl Sync="TRUE">airsname</attrlabl><attalias Sync="TRUE">airsname</attalias><attrtype Sync="TRUE">String</attrtype><attwidth Sync="TRUE">80</attwidth><atprecis Sync="TRUE">0</atprecis><attscale Sync="TRUE">0</attscale></attr><attr><attrlabl Sync="TRUE">rlidname</attrlabl><attalias Sync="TRUE">rlidname</attalias><attrtype Sync="TRUE">String</attrtype><attwidth Sync="TRUE">80</attwidth><atprecis Sync="TRUE">0</atprecis><attscale Sync="TRUE">0</attscale></attr><attr><attrlabl Sync="TRUE">l_ladd</attrlabl><attalias Sync="TRUE">l_ladd</attalias><attrtype Sync="TRUE">Double</attrtype><attwidth Sync="TRUE">19</attwidth><atprecis Sync="TRUE">18</atprecis><attscale Sync="TRUE">15</attscale></attr><attr><attrlabl Sync="TRUE">l_hadd</attrlabl><attalias Sync="TRUE">l_hadd</attalias><attrtype Sync="TRUE">Double</attrtype><attwidth Sync="TRUE">19</attwidth><atprecis Sync="TRUE">18</atprecis><attscale Sync="TRUE">15</attscale></attr><attr><attrlabl Sync="TRUE">r_ladd</attrlabl><attalias Sync="TRUE">r_ladd</attalias><attrtype Sync="TRUE">Double</attrtype><attwidth Sync="TRUE">19</attwidth><atprecis Sync="TRUE">18</atprecis><attscale Sync="TRUE">15</attscale></attr><attr><attrlabl Sync="TRUE">r_hadd</attrlabl><attalias Sync="TRUE">r_hadd</attalias><attrtype Sync="TRUE">Double</attrtype><attwidth Sync="TRUE">19</attwidth><atprecis Sync="TRUE">18</atprecis><attscale Sync="TRUE">15</attscale></attr><attr><attrlabl Sync="TRUE">mailcity</attrlabl><attalias Sync="TRUE">mailcity</attalias><attrtype Sync="TRUE">String</attrtype><attwidth Sync="TRUE">80</attwidth><atprecis Sync="TRUE">0</atprecis><attscale Sync="TRUE">0</attscale></attr><attr><attrlabl Sync="TRUE">county</attrlabl><attalias Sync="TRUE">county</attalias><attrtype Sync="TRUE">String</attrtype><attwidth Sync="TRUE">80</attwidth><atprecis Sync="TRUE">0</atprecis><attscale Sync="TRUE">0</attscale></attr><attr><attrlabl Sync="TRUE">state</attrlabl><attalias Sync="TRUE">state</attalias><attrtype Sync="TRUE">String</attrtype><attwidth Sync="TRUE">80</attwidth><atprecis Sync="TRUE">0</atprecis><attscale Sync="TRUE">0</attscale></attr><attr><attrlabl Sync="TRUE">zipcode</attrlabl><attalias Sync="TRUE">zipcode</attalias><attrtype Sync="TRUE">String</attrtype><attwidth Sync="TRUE">80</attwidth><atprecis Sync="TRUE">0</atprecis><attscale Sync="TRUE">0</attscale></attr><attr><attrlabl Sync="TRUE">fclass</attrlabl><attalias Sync="TRUE">fclass</attalias><attrtype Sync="TRUE">String</attrtype><attwidth Sync="TRUE">80</attwidth><atprecis Sync="TRUE">0</atprecis><attscale Sync="TRUE">0</attscale></attr><attr><attrlabl Sync="TRUE">fed_class</attrlabl><attalias Sync="TRUE">fed_class</attalias><attrtype Sync="TRUE">String</attrtype><attwidth Sync="TRUE">80</attwidth><atprecis Sync="TRUE">0</atprecis><attscale Sync="TRUE">0</attscale></attr><attr><attrlabl Sync="TRUE">airsclass</attrlabl><attalias Sync="TRUE">airsclass</attalias><attrtype Sync="TRUE">String</attrtype><attwidth Sync="TRUE">80</attwidth><atprecis Sync="TRUE">0</atprecis><attscale Sync="TRUE">0</attscale></attr><attr><attrlabl Sync="TRUE">cclass</attrlabl><attalias Sync="TRUE">cclass</attalias><attrtype Sync="TRUE">String</attrtype><attwidth Sync="TRUE">80</attwidth><atprecis Sync="TRUE">0</atprecis><attscale Sync="TRUE">0</attscale></attr><attr><attrlabl Sync="TRUE">paved</attrlabl><attalias Sync="TRUE">paved</attalias><attrtype Sync="TRUE">String</attrtype><attwidth Sync="TRUE">80</attwidth><atprecis Sync="TRUE">0</atprecis><attscale Sync="TRUE">0</attscale></attr><attr><attrlabl Sync="TRUE">speed</attrlabl><attalias Sync="TRUE">speed</attalias><attrtype Sync="TRUE">Double</attrtype><attwidth Sync="TRUE">19</attwidth><atprecis Sync="TRUE">18</atprecis><attscale Sync="TRUE">15</attscale></attr><attr><attrlabl Sync="TRUE">snowroute</attrlabl><attalias Sync="TRUE">snowroute</attalias><attrtype Sync="TRUE">String</attrtype><attwidth Sync="TRUE">80</attwidth><atprecis Sync="TRUE">0</atprecis><attscale Sync="TRUE">0</attscale></attr><attr><attrlabl Sync="TRUE">owner</attrlabl><attalias Sync="TRUE">owner</attalias><attrtype Sync="TRUE">String</attrtype><attwidth Sync="TRUE">80</attwidth><atprecis Sync="TRUE">0</atprecis><attscale Sync="TRUE">0</attscale></attr><attr><attrlabl Sync="TRUE">maint</attrlabl><attalias Sync="TRUE">maint</attalias><attrtype Sync="TRUE">String</attrtype><attwidth Sync="TRUE">80</attwidth><atprecis Sync="TRUE">0</atprecis><attscale Sync="TRUE">0</attscale></attr><attr><attrlabl Sync="TRUE">source</attrlabl><attalias Sync="TRUE">source</attalias><attrtype Sync="TRUE">String</attrtype><attwidth Sync="TRUE">80</attwidth><atprecis Sync="TRUE">0</atprecis><attscale Sync="TRUE">0</attscale></attr><attr><attrlabl Sync="TRUE">method</attrlabl><attalias Sync="TRUE">method</attalias><attrtype Sync="TRUE">String</attrtype><attwidth Sync="TRUE">80</attwidth><atprecis Sync="TRUE">0</atprecis><attscale Sync="TRUE">0</attscale></attr><attr><attrlabl Sync="TRUE">sponsor</attrlabl><attalias Sync="TRUE">sponsor</attalias><attrtype Sync="TRUE">String</attrtype><attwidth Sync="TRUE">80</attwidth><atprecis Sync="TRUE">0</atprecis><attscale Sync="TRUE">0</attscale></attr><attr><attrlabl Sync="TRUE">ugbcity</attrlabl><attalias Sync="TRUE">ugbcity</attalias><attrtype Sync="TRUE">String</attrtype><attwidth Sync="TRUE">80</attwidth><atprecis Sync="TRUE">0</atprecis><attscale Sync="TRUE">0</attscale></attr><attr><attrlabl Sync="TRUE">one_way</attrlabl><attalias Sync="TRUE">one_way</attalias><attrtype Sync="TRUE">String</attrtype><attwidth Sync="TRUE">80</attwidth><atprecis Sync="TRUE">0</atprecis><attscale Sync="TRUE">0</attscale></attr><attr><attrlabl Sync="TRUE">fnode</attrlabl><attalias Sync="TRUE">fnode</attalias><attrtype Sync="TRUE">String</attrtype><attwidth Sync="TRUE">80</attwidth><atprecis Sync="TRUE">0</atprecis><attscale Sync="TRUE">0</attscale></attr><attr><attrlabl Sync="TRUE">tnode</attrlabl><attalias Sync="TRUE">tnode</attalias><attrtype Sync="TRUE">String</attrtype><attwidth Sync="TRUE">80</attwidth><atprecis Sync="TRUE">0</atprecis><attscale Sync="TRUE">0</attscale></attr><attr><attrlabl Sync="TRUE">f_zlev</attrlabl><attalias Sync="TRUE">f_zlev</attalias><attrtype Sync="TRUE">String</attrtype><attwidth Sync="TRUE">80</attwidth><atprecis Sync="TRUE">0</atprecis><attscale Sync="TRUE">0</attscale></attr><attr><attrlabl Sync="TRUE">t_zlev</attrlabl><attalias Sync="TRUE">t_zlev</attalias><attrtype Sync="TRUE">String</attrtype><attwidth Sync="TRUE">80</attwidth><atprecis Sync="TRUE">0</atprecis><attscale Sync="TRUE">0</attscale></attr><attr><attrlabl Sync="TRUE">optcost</attrlabl><attalias Sync="TRUE">optcost</attalias><attrtype Sync="TRUE">String</attrtype><attwidth Sync="TRUE">80</attwidth><atprecis Sync="TRUE">0</atprecis><attscale Sync="TRUE">0</attscale></attr><attr><attrlabl Sync="TRUE">road_segid</attrlabl><attalias Sync="TRUE">road_segid</attalias><attrtype Sync="TRUE">String</attrtype><attwidth Sync="TRUE">80</attwidth><atprecis Sync="TRUE">0</atprecis><attscale Sync="TRUE">0</attscale></attr><attr><attrlabl Sync="TRUE">ShpLength</attrlabl><attalias Sync="TRUE">ShpLength</attalias><attrtype Sync="TRUE">Double</attrtype><attwidth Sync="TRUE">19</attwidth><atprecis Sync="TRUE">18</atprecis><attscale Sync="TRUE">15</attscale></attr></detailed></eainfo><mdDateSt Sync="TRUE">20210701</mdDateSt></metadata>
